Word,Count
/,18
для,5
<summary>,4
of,4
</summary>,4
номер,4
версии,3
{,3
этой,3
сборке,3
значения,3
сборки,3
return,3
content,3
Type,2
Get,2
<param,2
по,2
умолчанию,2
public,2
в,2
html,2
COM,2
or,2
\name="\Url"\>Url\,2
GetTypeBlock(),2
PageSimpleBlock</returns>,2
<returns>Type,2
},2
ComVisible,2
page,2
page</param>,2
Можно,2
сведения,1
typeof(T);,1
невидимыми,1
принять,1
сборкой,1
element,1
видимым,1
делает,1
компонентов,1
GET,1
любой,1
Return,1
free,1
Element,1
значений:,1
со,1
через,1
и,1
\"\this\,1
или,1
предоставляются,1
\сведения,\,1
Сведения,1
как,1
base.GetType();,1
\атрибутов,\,1
\COM,\,1
о,1
используется,1
атрибуту,1
чтобы,1
из,1
Редакция,1
be,1
null);,1
следующих,1
\Contract.Requires(!requires(),\,1
as,1
не,1
are,1
задайте,1
набора,1
\AssemblyVersion("\1.0.*"\)]\,1
к,1
this.Value,1
=>,1
Container,1
there,1
any,1
следующим,1
об,1
virtual,1
изменить,1
||,1
состоят,1
Основной,1
идентификации,1
URL,1
Тут,1
типа,1
may,1
все,1
==,1
};,1
обратиться,1
этот,1
null</returns>,1
проект,1
параметра,1
Номер,1
\указывать,\,1
ниже:,1
\exist"\);\,1
значение,1
Запрещаем,1
override,1
=,1
Exception,1
string,1
Установка,1
TRUE,1
редакции,1
the,1
будет,1
библиотеки,1
\"\*"\,\,1
показано,1
Func<bool>,1
Измените,1
(string.IsNullOrEmpty(this.TypeBlock),1
типу,1
(),1
используя,1
not,1
этого,1
необходимо,1
ioc,1
редирект,1
служит,1
in,1
if,1
resources,1
\типов,\,1
False,1
автоматический,1
задать,1
<returns>html,1
четырех,1
указать,1
\plz,\,1
<returns></returns>,1
набором,1
PageSimpleBlock,1
GUID,1
Следующий,1
does,1
типы,1
native,1
requires,1
validation,1
Реферер,1
Дополнительный,1
атрибутов,1
если,1
from,1
связанные,1
можно,1
Общие,1
Если,1
kill,1
me,1
[assembly:,1
этих,1
